Feature,Importance,Std
s5,0.2753187020649767,0.05335314731543069
bmi,0.17871797256373587,0.06789460476393756
sex,0.07191369826656017,0.018393057268821414
s6,0.03249032646056181,0.014013775771280303
s3,0.025194079103315635,0.025950077770797168
age,0.014599507900408981,0.01188470648379138
bp,0.012425439383735559,0.040553482901044574
s1,-0.001457100868413852,0.017637152957595898
s4,-0.002782423782012977,0.001832798702943819
s2,-0.015136338236216584,0.011176763118317414
