Feature,Importance,Std
s5,0.22923417314710814,0.051685718790224246
bmi,0.16227049399852084,0.08733731770326202
sex,0.02069168069959868,0.005699128972635735
bp,0.014505794669166617,0.03205204353310102
s6,0.011001822350062918,0.010883759262010127
age,0.002759850463035074,0.014366582010401792
s4,-0.00016913859247476016,0.006064529592251193
s3,-0.0026429040669499913,0.015313131223688123
s2,-0.01604544971019891,0.00742535817718581
s1,-0.02143906657999145,0.012448837935743818
