Feature,Importance,Std
s5,0.2915723057079197,0.06858400590700865
bmi,0.1739980337283314,0.06998589073551119
sex,0.0579776705149347,0.015585710191705507
age,0.031185309979764774,0.010352748593129946
bp,0.022689166104210245,0.0360489961163036
s3,0.011990112156452792,0.024281717963946847
s6,0.009407221962518076,0.006971069016816109
s1,0.004446706377528831,0.01663085481485415
s4,-8.728806103093234e-05,0.0054462751263793414
s2,-0.001349955609298581,0.0041907121600037725
