{
    "randomforest": {
        "Train RMSE": 0.40678186953259743,
        "Train R2_score": 0.4686917973467216,
        "Test RMSE": 0.40658101964080295,
        "Test R2_score": 0.41206975590348394,
        "Difference": -0.00020084989179447454
    },
    "lightgbm": {
        "Train RMSE": 0.16066654286737084,
        "Train R2_score": 0.917115324275644,
        "Test RMSE": 0.4304784347041632,
        "Test R2_score": 0.34092566521047896,
        "Difference": 0.26981189183679233
    },
    "xgboost": {
        "Train RMSE": 0.0012268286516584714,
        "Train R2_score": 0.9999951672852135,
        "Test RMSE": 0.429655959901794,
        "Test R2_score": 0.34344172244576554,
        "Difference": 0.42842913125013554
    }
}